experiment,encoder,max_len,use_onecycle,use_balancing,best_val_acc,best_val_f1
baseline_codebert_256_onecycle_balanced,microsoft/codebert-base,256,True,True,0.656,0.5456580052463094
distilcodeberta_256_onecycle_balanced,huggingface/CodeBERTa-small-v1,256,True,True,0.698,0.607937818851428
codebert_128_onecycle_balanced,microsoft/codebert-base,128,True,True,0.625,0.5016266552293253
codebert_256_constantLR_balanced,microsoft/codebert-base,256,False,True,0.632,0.5377070568598556
codebert_256_onecycle_unbalanced,microsoft/codebert-base,256,True,False,0.713,0.3927680564254248
