experiment,encoder,max_len,use_onecycle,use_balancing,best_val_acc,best_val_f1
baseline_codebert_256_onecycle_balanced,microsoft/codebert-base,256,True,True,0.497,0.11160557757003726
distilcodeberta_256_onecycle_balanced,huggingface/CodeBERTa-small-v1,256,True,True,0.599,0.16729143956599588
codebert_128_onecycle_balanced,microsoft/codebert-base,128,True,True,0.433,0.11229587003587799
codebert_256_constantLR_balanced,microsoft/codebert-base,256,False,True,0.569,0.14788320364105262
codebert_256_onecycle_unbalanced,microsoft/codebert-base,256,True,False,0.903,0.08627525916017771
