experiment,encoder,max_len,use_onecycle,use_balancing,best_val_acc,best_val_f1
baseline_codebert_256_onecycle_balanced,microsoft/codebert-base,256,True,True,0.955,0.954891694959598
distilcodeberta_256_onecycle_balanced,huggingface/CodeBERTa-small-v1,256,True,True,0.959,0.958856780452756
codebert_128_onecycle_balanced,microsoft/codebert-base,128,True,True,0.946,0.94593750375434
codebert_256_constantLR_balanced,microsoft/codebert-base,256,False,True,0.963,0.9628017706357177
codebert_256_onecycle_unbalanced,microsoft/codebert-base,256,True,False,0.954,0.9538447336841134
